{
    "feature_x": 0.8381304889791716,
    "feature_y": 0.6308153206587996,
    "feature_z": 0.7797499999999786
}