{
    "feature_x": 1.1605434198827083,
    "feature_y": 2.393440783486855,
    "feature_z": 1.003499999999974
}