{
    "feature_x": 0.6596018555648053,
    "feature_y": 2.1729479537939262,
    "feature_z": 0.8622500000000173
}