{
    "feature_x": 0.10230825759298892,
    "feature_y": 0.2099014112542777,
    "feature_z": 0.055499999999995
}