{
    "feature_x": 0.7708318986288148,
    "feature_y": 0.93988507104356,
    "feature_z": 0.8494999999999777
}