{
    "feature_x": 3.045065101470742,
    "feature_y": 3.2370819459634004,
    "feature_z": 2.916249999999991
}