{
    "feature_x": 0.49383230388994137,
    "feature_y": 0.7135287417270316,
    "feature_z": 0.42149999999998045
}