{
    "feature_x": 3.217763646062771,
    "feature_y": 5.055966118964951,
    "feature_z": 2.709000000000003
}