{
    "feature_x": 0.45766898653184634,
    "feature_y": 0.5560358706818069,
    "feature_z": 0.3084999999999809
}