{
    "feature_x": 0.46018062050116026,
    "feature_y": 0.7241375142211957,
    "feature_z": 0.7899999999999636
}