{
    "feature_x": 0.5531575714565086,
    "feature_y": 0.9588056492705013,
    "feature_z": 0.711749999999995
}