{
    "feature_x": 0.5675724974488884,
    "feature_y": 0.7196075725997897,
    "feature_z": 1.7227499999999623
}