{
    "feature_x": 1.1195339610635604,
    "feature_y": 1.4240700761849392,
    "feature_z": 0.9825000000000159
}