{
    "feature_x": 1.601106336856661,
    "feature_y": 4.185695905429084,
    "feature_z": 0.35849999999999227
}