{
    "feature_x": 0.489215971759028,
    "feature_y": 0.4714482414205974,
    "feature_z": 0.4045000000000414
}