{
    "feature_x": 0.5495643424746822,
    "feature_y": 0.6364693320122758,
    "feature_z": 1.4440000000000168
}