{
    "feature_x": 0.4528795387058919,
    "feature_y": 0.5388708768443751,
    "feature_z": 0.3089999999999691
}