{
    "feature_x": 0.2556522296482405,
    "feature_y": 0.3515149889711828,
    "feature_z": 0.06774999999998954
}