{
    "feature_x": 0.6221121650027415,
    "feature_y": 0.6059019451271321,
    "feature_z": 0.8207499999999754
}