{
    "feature_x": 0.7367275817061498,
    "feature_y": 0.6750206265275864,
    "feature_z": 1.6282500000000368
}