{
    "feature_x": 1.7585169035238186,
    "feature_y": 1.9529135079619993,
    "feature_z": 0.8822499999999991
}