{
    "feature_x": 0.2877978919074536,
    "feature_y": 1.987464445665125,
    "feature_z": 0.5802499999999782
}