{
    "feature_x": 1.2105412199965373,
    "feature_y": 2.617330053950487,
    "feature_z": 1.0507499999999936
}