{
    "feature_x": 0.8242500000633299,
    "feature_y": 1.5272499999264255,
    "feature_z": 1.1920000000000073
}