{
    "feature_x": 1.598854105037109,
    "feature_y": 2.8962101083679945,
    "feature_z": 2.44825000000003
}