{
    "feature_x": 0.09584739465787934,
    "feature_y": 0.235507534438897,
    "feature_z": 0.05899999999996908
}