{
    "feature_x": 0.4026984971539388,
    "feature_y": 1.3529910720632263,
    "feature_z": 0.5375000000000227
}