{
    "feature_x": 0.4530396346451534,
    "feature_y": 0.6050225184743041,
    "feature_z": 0.7644999999999982
}