{
    "feature_x": 0.5408517085438374,
    "feature_y": 0.5555830407369367,
    "feature_z": 0.2982499999999959
}