{
    "feature_x": 0.43593048790952704,
    "feature_y": 0.5324758885486927,
    "feature_z": 0.2897500000000264
}