{
    "feature_x": 0.08632119464459512,
    "feature_y": 0.2200433820747738,
    "feature_z": 0.0595000000000141
}