{
    "feature_x": 0.08656791390517184,
    "feature_y": 0.14197336250742648,
    "feature_z": 0.04974999999996044
}