{
    "feature_x": 0.41571098389287486,
    "feature_y": 0.5717154517928738,
    "feature_z": 0.538250000000005
}