{
    "feature_x": 0.6432672923705947,
    "feature_y": 1.2313320013340512,
    "feature_z": 0.6097499999999627
}