{
    "feature_x": 0.3285292023781549,
    "feature_y": 0.884644723788803,
    "feature_z": 0.5902499999999691
}