{
    "feature_x": 0.13622468117328262,
    "feature_y": 0.1738816315491055,
    "feature_z": 0.06049999999999045
}