{
    "feature_x": 0.19356651730791968,
    "feature_y": 1.0753518155940296,
    "feature_z": 0.5179999999999723
}