{
    "feature_x": 0.42802526079929065,
    "feature_y": 1.1892779019218693,
    "feature_z": 0.6602500000000191
}