{
    "label": "chair",
    "feature_x": 0.5498100721107073,
    "feature_y": 0.5640530049616963,
    "feature_z": 0.7574999999999932
}