{
    "label": "person",
    "feature_x": 0.568038221237385,
    "feature_y": 0.7572986860777882,
    "feature_z": 1.423749999999984
}