{
    "label": "barrel",
    "feature_x": 0.4612258280881528,
    "feature_y": 0.505131258033085,
    "feature_z": 0.43874999999997044,
    "feature_n_points": 8443
}