{
    "label": "table",
    "feature_x": 0.6603426097378742,
    "feature_y": 1.3568496853260699,
    "feature_z": 0.4300000000000068
}