{
    "label": "barrel",
    "feature_x": 0.4966490893044266,
    "feature_y": 0.5112852023857081,
    "feature_z": 0.4452500000000441,
    "feature_n_points": 6200
}