{
    "label": "person",
    "feature_x": 0.6418343356487577,
    "feature_y": 0.7043161352713546,
    "feature_z": 1.7347500000000196
}