{
    "label": "barrel",
    "feature_x": 0.6078147128694147,
    "feature_y": 0.6915915837126898,
    "feature_z": 0.7992499999999723
}