{
    "label": "table",
    "feature_x": 0.46418362356956855,
    "feature_y": 0.59022004330087,
    "feature_z": 0.2734999999999559
}