{
    "label": "chair",
    "feature_x": 0.5858660869401517,
    "feature_y": 0.6356770867330273,
    "feature_z": 0.5302499999999668
}