{
    "label": "cylinder_on_tripod",
    "feature_x": 0.41185697040918134,
    "feature_y": 0.6664507987486137,
    "feature_z": 0.5197499999999877
}