{
    "label": "barrel",
    "feature_x": 0.5414799292855005,
    "feature_y": 0.5835615004970056,
    "feature_z": 0.4292499999999677,
    "feature_n_points": 4742
}