{
    "label": "barrel",
    "feature_x": 0.4741533125219544,
    "feature_y": 0.5569504434862926,
    "feature_z": 0.41149999999998954,
    "feature_n_points": 7874
}