{
    "label": "barrel",
    "feature_x": 0.4857813069670788,
    "feature_y": 0.5205378326867547,
    "feature_z": 0.3362500000000068,
    "feature_n_points": 4651
}