{
    "label": "box",
    "feature_x": 0.4492714991448208,
    "feature_y": 0.5873876996805745,
    "feature_z": 0.2540000000000191
}