{
    "label": "person",
    "feature_x": 0.5823035064873741,
    "feature_y": 0.6059493964001503,
    "feature_z": 1.6265000000000214
}