{
    "label": "french_bed",
    "feature_x": 1.5132705600213414,
    "feature_y": 1.897695154593107,
    "feature_z": 0.2927500000000123
}