{
    "label": "person",
    "feature_x": 2.2400496252686066,
    "feature_y": 3.6983100772705635,
    "feature_z": 2.0117500000000064
}