{
    "label": "box",
    "feature_x": 0.511603452010939,
    "feature_y": 0.570565180596271,
    "feature_z": 0.2587499999999636
}