{
    "label": "barrel",
    "feature_x": 0.3333802379572399,
    "feature_y": 0.34049155677278375,
    "feature_z": 0.2740000000000009,
    "feature_n_points": 3123
}