{
    "label": "barrel",
    "feature_x": 0.6161114935036608,
    "feature_y": 0.6794331395038437,
    "feature_z": 0.8190000000000168,
    "feature_n_points": 11526
}