{
    "label": "barrel",
    "feature_x": 0.33279078151547004,
    "feature_y": 0.35298232187781936,
    "feature_z": 0.23099999999999454,
    "feature_n_points": 844
}