{
    "label": "barrel",
    "feature_x": 0.3373421871723271,
    "feature_y": 0.4056625831241074,
    "feature_z": 0.20999999999997954,
    "feature_n_points": 1430
}