{
    "label": "car",
    "feature_x": 2.2338039863460386,
    "feature_y": 4.884938845800509,
    "feature_z": 3.0440000000000396
}