{
    "label": "table",
    "feature_x": 0.5209306292349921,
    "feature_y": 0.5913670934570605,
    "feature_z": 0.25625000000002274
}