{
    "label": "barrel",
    "feature_x": 0.43550000013783574,
    "feature_y": 0.4962499999674037,
    "feature_z": 0.4077500000000214,
    "feature_n_points": 4127
}