{
    "label": "barrel",
    "feature_x": 0.4754749132137502,
    "feature_y": 0.5301184484795629,
    "feature_z": 0.39400000000000546,
    "feature_n_points": 2617
}