{
    "label": "barrel",
    "feature_x": 0.3536158848809805,
    "feature_y": 0.3703397326160277,
    "feature_z": 0.27000000000003865,
    "feature_n_points": 1959
}