{
    "label": "barrel",
    "feature_x": 0.4866814129413184,
    "feature_y": 0.7923437420964633,
    "feature_z": 0.3962500000000091
}