{
    "label": "chair",
    "feature_x": 0.49744119775796325,
    "feature_y": 0.9819782228679246,
    "feature_z": 0.7527499999999918
}