{
    "label": "barrel",
    "feature_x": 0.47353285797943656,
    "feature_y": 0.5039648433009598,
    "feature_z": 0.33150000000000546,
    "feature_n_points": 2860
}