{
    "label": "chair",
    "feature_x": 0.5245476185803285,
    "feature_y": 0.974810399170339,
    "feature_z": 0.7442499999999654
}